class ContactDatabase

78236460,Sue,suee@mail.com
82889540,Tanner,tanner@mail.com
78048040,Aaron,aaron@mail.com
83658590,Carysa,carysa@mail.com
82724190,Hannah,hannah@mail.com
73860310,Cassie,cassie@mai.com,"[""250-123-4567""]"
79070370,Maria,maria@mail.com,"[""123-456-7890""]"
79430790,Chase,chase@mail.com,"[""123-234-3456""]"
72754330,Travis,travis@mail.com
82150450,Barb,barb@mail.com
72262670,Fred,fred@mail.com
72385510,Eve,eve@mail.com
